"text","size","pos","neg"
"great",33.0816779230588,2835,1645
"excellent",25.4620295614634,1234,331
"wonderful",23.8820197950567,956,254
"best",22.3164108377822,2344,1470
"love",19.4943742910203,1926,1259
"perfect",18.3960201580686,855,289
"beautiful",17.8038559587526,1030,432
"loved",17.7847506823502,799,273
"favorite",17.6302157210002,717,238
"superb",17.601405504953,487,81
"amazing",17.5538337285675,706,210
"well",16.6769807553527,2892,2459
"brilliant",16.6404473482704,661,224
"life",16.362771841318,1870,1463
"fantastic",16.2959770865667,482,104
"very",15.8137400088191,2957,2476
"also",15.517988231047,2642,1989
"must_see",15.4072938107684,372,56
"both",14.2703532963202,1331,901
"highly",14.197374636693,677,260
"performance",14.0180468622963,1139,653
"today",13.9713431399802,566,209
"beautifully",13.9203132451426,332,56
"very_well",13.8615375786945,536,177
"8_10",13.8446150286094,220,11
"enjoyed",13.5422035166548,695,317
"always",13.5394501221375,1340,826
"performances",13.5251038021299,923,492
"perfectly",13.253359559928,402,133
"well_worth",13.0772489845566,211,17
"highly_recommended",12.913349216896,192,10
"powerful",12.7982269321186,393,130
"outstanding",12.7954109312282,290,61
"10_10",12.7592357299182,216,16
"years",12.7549610906442,1669,1202
"touching",12.6378992665967,298,66
"young",12.6279174631116,1247,808
"wonderfully",12.6193731103009,236,38
"especially",12.597571146915,1237,788
"definitely",12.4763764663134,856,459
"highly_recommend",12.4533789509713,205,21
"7_10",12.4087011674638,199,13
"world",12.3991507406563,1245,885
"strong",12.1618538282543,577,243
"7",11.9881969670823,485,183
"different",11.981234059627,1041,621
"enjoyable",11.7549564156679,514,215
"underrated",11.6960917005038,188,23
"8",11.6756032525972,462,182
"9_10",11.6741715969842,161,8
"with_great",11.6734162752297,259,60
"gem",11.6706586097654,280,58
"unique",11.5510766690103,375,132
"true",11.529568278788,1054,647
"own",11.5168821847716,1272,959
"well_as",11.5158963419583,652,314
"still",11.5135364484962,1866,1587
"classic",11.4767652634651,877,484
"delightful",11.4629511584348,192,28
"terrific",11.4377503720272,286,73
"great_movie",11.286618458808,289,85
"greatest",11.2602568789388,401,159
"as_well_as",11.1581973133009,601,279
"role",11.1497233281607,1140,793
"great_film",10.9041860789222,244,61
"brilliantly",10.9011927731514,191,35
"family",10.8771572395573,870,551
"emotions",10.8663350546956,264,77
"on_dvd",10.8340268706952,459,203
"stunning",10.8084443928759,261,74
"as_well",10.769390614794,1104,732
"recommended",10.7518380088265,362,124
"masterpiece",10.7235559346332,393,142
"performance_as",10.6749133061896,281,80
"works",10.6730282131215,624,356
"journey",10.652252519684,242,72
"each",10.5764735512072,966,700
"incredible",10.5191170828503,334,108
"very_good",10.4355008675761,586,329
"memorable",10.4124542359674,388,192
"fun",10.4010533612172,1038,708
"captures",10.39304456122,158,23
"subtle",10.3160679481636,288,99
"war",10.29314903851,463,292
"moving",10.1681680424332,499,233
"solid",10.1495236956018,312,122
"supporting",10.1181493646655,467,227
"definitely_worth",10.0574732680185,122,8
"finest",10.0515871903144,201,48
"many",10.0150769938601,2167,1742
"heart",9.99336191148177,657,331
"job",9.96419067899795,953,622
"gives",9.92039451271039,757,467
"simple",9.91369659937683,535,298
"great_job",9.9050620560893,162,32
"will",9.86779033987097,2366,2049
"great_as",9.85347646711765,156,23
"friendship",9.81258709256359,181,49
"first_saw",9.75857127806858,187,41
"fascinating",9.73183294069932,251,80
"portrayal",9.65103454769672,340,136
"well_done",9.60861909137973,304,107
"rare",9.56421618890807,268,92
"sweet",9.55935821218237,314,123
"shows",9.53588041175677,968,661
"well_written",9.50095531261587,166,36
"gorgeous",9.49906245413539,248,78
"lives",9.49196759654115,670,384
"top_notch",9.4212145992384,157,30
"may_not",9.39249688275565,283,112
"complex",9.33925248598416,253,92
"oscar",9.32758679038963,319,160
"romantic",9.32551822743083,367,163
"hilarious",9.30345404299091,545,325
"magnificent",9.22050512792564,197,46
"perfection",9.19243974085074,125,15
"first_time",9.01383371265561,428,214
"refreshing",8.9939600712257,145,26
"but_also",8.98216951047755,407,204
"poignant",8.98011120221142,137,24
"recommend",8.84228122678009,928,594
"remarkable",8.84059137792822,190,53
"excellent_as",8.7947891147248,101,10
"loved_movie",8.78081699373126,103,11
"charming",8.73937837147998,241,96
"realistic",8.72947251738134,355,201
"story",8.72364793671356,2629,2286
"brings",8.69512483264139,380,181
"dvd",8.69399058571107,923,650
"so_well",8.67667735647274,176,46
"funniest",8.67089792698385,210,76
"extraordinary",8.65413418826214,133,28
"notch",8.61223010970825,171,47
"enjoy",8.56628056570085,835,586
"tale",8.55078974239359,371,192
"love_movie",8.53310634156374,131,29
"unforgettable",8.50540011338346,113,18
"intense",8.48615192885804,225,81
"appreciated",8.47566162495718,145,36
"experience",8.46048483861599,548,360
"same_time",8.4484562161442,334,167
"breathtaking",8.44215783272168,110,18
"emotional",8.42371054410217,350,170
"music",8.42300185436339,1053,825
"at_same",8.40971708372171,313,155
"in_love",8.36573305851577,426,237
"good_as",8.31759071054059,362,173
"7_out",8.28987189769096,81,2
"plays",8.27611901196836,897,659
"played",8.26700240266262,1012,798
"what_makes",8.2650874236278,222,89
"fine",8.23341798709811,612,412
"awesome",8.23336776511216,253,103
"flawless",8.23237656459034,108,10
"7_out_10",8.22943264070804,80,2
"pleasantly_surprised",8.22093941205263,90,9
"favourite",8.19904096861317,174,66
"10_out_10",8.17634586330798,99,13
"very_different",8.17071283967588,112,21
"john",8.15926514056502,715,494
"beauty",8.15368245306535,328,138
"tears",8.13602684110952,199,77
"very_funny",8.12511481062926,215,84
"effective",8.08584222940275,277,142
"human",8.08423053540587,604,402
"best_films",8.06501019151782,94,8
"personal",8.04455804986704,356,194
"natural",8.03194093297582,245,100
"between",8.00197134785498,1265,1050
"understated",7.99330193383849,89,8
"at_same_time",7.99166968692689,295,147
"relationship",7.97019793150027,434,249
"it's_great",7.96694545592832,132,33
"pleasantly",7.96601369317619,96,14
"drama",7.93386641514558,628,374
"wonderful_film",7.93000891354144,68,2
"later",7.92097412394607,872,653
"father",7.91882813788501,522,394
"marvelous",7.90141031609246,109,20
"that_will",7.88219926633298,432,259
"also_very",7.8801644209679,165,49
"also_great",7.86974610700519,73,5
"unexpected",7.85938071148432,166,49
"10_out",7.85176527594364,100,16
"believable",7.84437788224197,411,233
"very_entertaining",7.84232821500623,114,24
"important",7.84114023059828,466,267
"joy",7.8244494348508,207,74
"excellent_film",7.75238159720923,80,8
"superbly",7.71251038358578,98,17
"8_out",7.67567661300488,67,3
"gripping",7.67060803325619,114,28
"just_right",7.65896182858356,89,11
"8_out_10",7.61009331298124,66,3
"exceptional",7.59767337713418,124,33
"timeless",7.59362764860732,96,15
"city",7.58405056754817,408,275
"adds",7.57799022475134,233,104
"crafted",7.57284757546409,134,38
"may",7.55429539750693,1189,1025
"series",7.54333235660072,660,620
"unlike",7.54140517689969,335,173
"all_ages",7.53723569755422,70,6
"feelings",7.51820391537447,227,101
"noir",7.50435331443178,127,44
"favorites",7.49513534150079,136,34
"helps",7.48173485543342,232,105
"acting_great",7.47849315655014,74,7
"edge",7.45401489282332,239,108
"makes",7.45220744623418,1615,1386
"to_see_again",7.41647570767011,96,18
"sometimes",7.3992849175161,515,329
"available",7.39505201819789,240,118
"most",7.3837612004847,2533,2331
"in_love_with",7.37987837440053,292,154
"love_with",7.37520970604495,309,161
"gritty",7.37145745693899,136,44
"liked",7.3294890823864,638,483
"spectacular",7.31507246797754,166,62
"haunting",7.29792575182951,144,30
"although",7.28851443491651,1047,801
"ways",7.28741830730566,426,256
"don't_miss",7.28509489501949,75,9
"meets",7.28305121375518,364,208
"see_again",7.28231767384131,126,36
"excellent_movie",7.27942760359919,71,7
"perfect_as",7.27170137848329,62,4
"provides",7.24450297941388,205,93
"best_movies",7.22932097343853,81,13
"extremely_well",7.22208434125805,79,13
"delightfully",7.20463957532395,60,3
"tragic",7.17743777180421,208,96
"movie_great",7.13663153920027,129,40
"in_many_ways",7.13557282122043,96,21
"treat",7.1318501975138,197,72
"as_always",7.08646411294758,164,60
"debut",7.08557399121858,144,55
"relationships",7.08504185850271,206,83
"atmosphere",7.05942034382309,395,249
"begins",7.03482337395947,370,238
"happy",7.03010914946593,446,284
"man",6.99700275268801,1485,1330
"today's",6.98072883661224,172,62
"episodes",6.97585797999566,276,180
"nevertheless",6.97180489449572,146,55
"very_enjoyable",6.96684884344394,71,9
"adventure",6.96643090266777,234,117
"unusual",6.95073544992609,173,75
"9_out",6.93639442705014,66,7
"9_out_10",6.93639442705014,66,7
"may_not_be",6.93339805219387,145,52
"fabulous",6.9028748648652,115,34
"9",6.88375688968151,390,195
"at_first",6.85833341447445,337,195
"innocence",6.84647030199662,108,31
"just_great",6.84012625831291,61,6
"edge_seat",6.83951562516713,76,14
"era",6.81630313218591,304,181
"warm",6.81505629727496,131,47
"delight",6.810345794343,105,28
"impressed",6.79731687722514,233,101
"fresh",6.78927838870754,232,103
"heartbreaking",6.78442969584649,63,8
"wonderful_as",6.7761482997907,54,3
"shines",6.74867232494992,112,34
"very_well_done",6.74547018579057,85,16
"very_much",6.74316213067327,271,148
"nicely",6.74167801702325,176,79
"viewing",6.74116407989568,396,246
"performance_by",6.73010043711843,127,44
"can_relate",6.71792861457494,57,5
"great_performance",6.70707296406443,75,14
"in_role",6.70698936477535,248,130
"masterful",6.70575951192225,73,13
"very_real",6.70284299455487,69,12
"adds_to",6.68597657058606,119,37
"favorite_movies",6.68415913143481,64,8
"themes",6.68250827599201,205,107
"times",6.67521180879931,1358,1080
"another_great",6.65580632875598,62,8
"as_with",6.64669258790159,112,39
"late",6.64570293164194,555,393
"keeps",6.64334762586281,355,223
"ages",6.64286504280753,158,66
"can't_wait",6.64229528463464,76,14
"does_great",6.63384674334818,69,11
"sadness",6.63236578842985,84,15
"lovely",6.61196797591808,227,95
"great_performances",6.60142334438073,67,7
"musical",6.59419554348355,307,180
"splendid",6.59143394304413,91,20
"growing_up",6.58837102130595,98,25
"mother",6.5876052666615,454,330
"very_touching",6.57835390703183,46,1
"will_enjoy",6.57299663711506,96,24
"those_who",6.55990060154849,454,317
"some_best",6.55066513538175,105,27
"shows_how",6.53887087448809,89,25
"released",6.53754211539998,456,316
"first_rate",6.53673985174316,81,16
"at_times",6.53398964182642,460,300
"others",6.53387565808978,772,576
"great_acting",6.53277495443943,107,31
"be_best",6.51544292291257,123,39
"released_on",6.51374488422626,83,21
"entertaining",6.51194423027212,708,510
"early",6.50668702075175,682,540
"reality",6.47759628303249,405,287
"overlooked",6.47562536478091,87,21
"world_war",6.47086495628675,139,54
"tells",6.46099855092179,423,275
"roles",6.44943355393282,546,339
"very_moving",6.44534675403794,47,2
"be_missed",6.43413640372615,66,11
"impressive",6.43340894199754,278,166
"winning",6.42528557535667,172,82
"still_great",6.42375801010977,44,1
"finds",6.42320051942797,426,297
"tony",6.41967053041375,123,58
"many_ways",6.41394438843734,114,36
"recently",6.41345383859262,318,195
"life_in",6.41226156236286,228,110
"holds",6.40748110451916,193,95
"won",6.40307263303533,226,112
"best_movie",6.39982362758288,92,24
"excellent_job",6.39370559273171,60,8
"cinematography",6.38637396915952,527,355
"performances_by",6.38267097409202,121,40
"moments",6.38016670335492,682,563
"thought_provoking",6.37731218319453,122,39
"best_all",6.37646682496892,67,11
"viewings",6.3764601647713,74,15
"small",6.37366124470489,722,507
"vhs",6.37289683871689,153,72
"courage",6.36873399818435,101,32
"acting_superb",6.35911473561617,51,4
"creates",6.35360629278524,155,69
"makes_film",6.34975121327202,107,35
"satisfying",6.34874886930427,141,54
"so_real",6.34869141905979,52,5
"well_worth_watching",6.34507678414426,43,1
"supporting_cast",6.32881412358741,207,96
"often",6.32308837544551,697,488
"can_relate_to",6.32089056649594,47,3
"stands",6.31877971858777,249,128
"well_acted",6.31368801778291,123,47
"hooked",6.30854726120611,102,30
"does_great_job",6.29367016527213,57,7
"french",6.28783536149132,258,173
"delivers",6.26930981864106,208,105
"freedom",6.26842698274686,125,41
"david",6.26806379241525,365,275
"new",6.26669418412517,1326,1098
"nature",6.26494149313959,293,199
"visual",6.26325778628134,270,150
"dreams",6.26015704791001,171,85
"chance",6.25776478845041,533,360
"nominated",6.25172673247894,103,37
"to_perfection",6.24882879285458,52,5
"excellently",6.24314846022533,46,3
"at_time",6.23981958961245,385,243
"as_good",6.23964507995319,305,188
"not_be",6.23732013864487,416,267
"see",6.23032869289755,2964,2752
"draws",6.22062383556501,83,23
"brilliant_as",6.21963165746438,51,5
"deeply",6.20633741798371,179,83
"quite",6.20469697467783,1337,1151
"heart_warming",6.2022252242225,49,4
"society",6.201387092099,266,167
"best_performances",6.19834628499361,53,6
"chilling",6.18710739975984,105,34
"riveting",6.18209455492643,75,15
"with_excellent",6.18147183620885,55,7
"provoking",6.17898069231867,132,43
"jean",6.16718737089834,145,78
"will_love",6.16399011797115,89,22
"eerie",6.16285619576863,96,31
"tragedy",6.16232124927921,169,87
"many_years",6.15742430002265,134,55
"romance",6.15427069087126,323,198
"score",6.1464353133083,520,370
"simplicity",6.14367103999264,61,8
"contrast",6.14205293953487,137,64
"season",6.12682538260632,163,87
"really_enjoyed",6.11874956562492,106,36
"as_young",6.10913696720096,85,25
"music_by",6.10689664507875,57,8
"truly",6.10324599592504,780,608
"not_perfect",6.09912575259105,48,5
"fast_paced",6.0943084790565,82,21
"impact",6.08825439091266,185,107
"paul",6.08637321881174,294,150
"deals",6.08114580783105,160,81
"everyday",6.07801781089703,110,42
"childhood",6.07681734426402,148,85
"touched",6.0706790333295,125,51
"certainly",6.06901285017297,687,516
"loved_film",6.06233228644262,49,5
"view",6.06176025569302,476,309
"portrait",6.05917151771792,92,32
"takes",6.05112099701367,933,754
"lot_fun",6.0453270479095,87,26
"steals_show",6.04159418614303,47,4
"definitely_recommend",6.04159418614303,47,4
"makes_great",6.03860337157441,44,3
"genius",6.02974377671105,266,151
"would_recommend",6.02565804435813,136,55
"story_told",6.02483435363764,73,17
"deals_with",6.02055740294676,135,60
"who",6.0126076350654,3031,3046
"to_be_missed",6.00737908896303,46,4
"tremendous",6.0068187856355,95,32
"all_great",6.00375825308779,67,14
"not_everyone",6.0008227893478,59,10
"great_to_see",5.99353101777761,55,9
"history",5.98590668842429,506,387
"would_love_to",5.97842317765062,85,23
"as_good_as",5.9670836764015,211,112
"wonderful_movie",5.96528317673704,53,7
"intelligent",5.96508246468089,275,156
"beautiful_film",5.959791894662,46,4
"to_life",5.95754723611734,233,120
"loving",5.94050628645277,171,81
"theme",5.9402773686561,366,252
"than_most",5.93452447887192,116,44
"easy",5.92879308945661,422,266
"joy_to",5.92257566737396,62,12
"surprisingly",5.9173376311886,252,147
"chance_to",5.91663687878059,255,139
"famous",5.91574653962014,373,227
"become",5.90969729592659,635,497
"happiness",5.90871771452956,89,32
"paced",5.90753037023064,179,87
"best_ever",5.90417975378948,50,6
"easy_to",5.8964165158848,218,127
"james",5.88948832005509,381,238
"man_who",5.88579121492119,351,221
"comedies",5.88411283701911,208,112
"wife",5.87933865781699,678,499
"steals",5.87428273210537,158,67
"brothers",5.86520157451018,211,123
"live",5.86419967636511,646,484
"to_all",5.8606597313566,268,150
"still_very",5.86053502898558,78,21
"enjoyed_movie",5.8587214908013,85,25
"memories",5.85853899120737,161,73
"devastating",5.84777513387561,52,8
"carries",5.84637080621923,110,42
"sensitive",5.84154877795329,114,50
"love_to",5.83778631428895,193,85
"will_always",5.8233813395835,93,26
"even_better",5.8110605988055,104,36
"in_own",5.80939896088938,204,108
"best_film",5.8046637456705,98,30
"deliciously",5.8036272324395,51,7
"engrossing",5.8036272324395,51,7
"new_york",5.79830893180923,270,151
"as_great",5.78396362754874,92,29
"release",5.78136592336645,371,246
"thoroughly_enjoyed",5.7798498107145,55,9
"remains",5.77768475524483,237,136
"very_strong",5.77651138372916,51,5
"love_to_see",5.7752752106837,58,12
"love_story",5.77359978967372,187,99
"cast",5.77352102780364,1478,1191
"married",5.77101446923642,278,160
"give_7",5.76496690495007,36,1
"not_to_be_missed",5.76000398340407,43,4
"surprised",5.75780060585259,439,285
"allows",5.75573620881516,144,72
"film_noir",5.75525800197709,83,25
"captivating",5.75469987232614,83,24
"recommend_to",5.74575335738453,187,95
"enjoyable_film",5.73935563011656,48,6
"nonetheless",5.73339651358595,119,49
"james_stewart",5.73129896849595,47,10
"great_fun",5.72423512056983,70,17
"compelling",5.70772085065347,220,114
"well_made",5.70583169061897,137,61
"highly_recommend_movie",5.70264288412996,35,1
"most_beautiful",5.70140391780611,60,13
"dramas",5.70098988180351,96,34
"ensemble",5.69919180540771,95,26
"style",5.69441600174519,653,524
"other_great",5.69102829634866,53,9
"bit",5.68985154962161,1135,1009
"murder",5.68580853879916,324,257
"along_with",5.68197114603632,370,264
"when_first",5.68020555449928,223,117
"magical",5.67813211064923,107,36
"well_worth_seeing",5.67736112225469,35,1
"essential",5.66996192578206,91,31
"identify_with",5.66614836580785,61,15
"definitely_worth_seeing",5.66391691889893,32,0
"definitely_best",5.66391691889893,32,0
"great_to",5.65969495547069,90,33
"if_get_chance",5.65579722000867,37,2
"touches",5.65452550620917,136,57
"really_great",5.64516557808929,86,25
"remembered",5.64013189986469,163,72
"film_very",5.63774087353859,159,73
"together",5.62777109251583,964,751
"than_many",5.62178031933434,42,4
"also_very_good",5.62178031933434,42,4
"great_too",5.61871578783231,39,3
"frank",5.61777327418031,189,96
"raw",5.61596065293014,114,52
"far_best",5.61260069398603,55,10
"international_film",5.61219225990934,59,12
"growing",5.60762950032408,170,83
"best_in",5.60212273657486,94,37
"in_many",5.59525771576377,223,125
"cast_excellent",5.58841159359534,34,1
"did_great",5.58474847553989,69,20
"marriage",5.58220629052354,165,95
"feel_good",5.58075432040164,111,33
"received",5.580123132103,153,81
"performances_from",5.57909349820738,89,29
"light",5.56184156394396,457,311
"stewart",5.55681087966346,88,45
"it's_very",5.55168253716476,189,102
"modern",5.55125145327567,419,268
"innocent",5.54420256219805,225,138
"appreciate",5.54187256168103,286,169
"in_best",5.54103375076234,73,20
"by_far_best",5.53077095080019,54,10
"beautiful_movie",5.52888245639006,36,2
"also_excellent",5.52888245639006,36,2
"still_love",5.52888245639006,36,2
"won't_regret",5.52888245639006,36,2
"immensely",5.52825176619369,76,24
"role_as",5.52650369355223,201,112
"young_man",5.51940503395725,140,62
"traditional",5.49862594462789,114,56
"cried",5.49806592450278,86,22
"marvelously",5.49805443661301,33,1
"might_not",5.49719457667955,111,48
"robert",5.49661440780015,381,285
"pace",5.48412433074448,310,188
"pleasant",5.48398529040912,141,56
"highly_recommend_film",5.4836220150316,30,0
"those",5.48310855990028,1630,1501
"streets",5.48247393214556,126,69
"country",5.47840704448395,390,263
"fits",5.47341026099692,131,60
"loneliness",5.4731335907243,61,13
"among",5.47142016601706,415,291
"in_some_ways",5.45647962105635,59,13
"matthau",5.45216835844123,26,4
"exquisite",5.45096087167046,51,9
"saw_movie",5.45047586151689,269,161
"relate",5.44613287775957,150,76
"movie_excellent",5.44568017311969,40,4
"succeeds",5.44390175878155,125,52
"really_good",5.44284047460894,211,126
"soundtrack",5.43898862514237,392,270
"cinema",5.43827646084114,536,407
"years_later",5.43081087494169,249,140
"different_from",5.42077704606808,118,55
"sees",5.41894894661854,264,182
"what_makes_film",5.41774573362621,42,5
"especially_in",5.41530478167546,120,52
"delicate",5.41292192103301,57,14
"apartment",5.41145761701224,139,86
"reminds",5.40941303732673,187,90
"recommend_to_anyone_who",5.40622059637819,32,1
"balance",5.40423944358621,107,42
"age",5.39787834645557,458,318
"witty",5.39595279026577,163,84
"perfectly_cast",5.39401661459209,41,5
"york",5.39328313057185,282,163
"does_excellent_job",5.39123650973953,29,0
"would_love",5.38498996774076,94,35
"also_shows",5.38190998426324,46,7
"truth",5.3784240864585,315,213
"play",5.3767930468429,840,645
"first_saw_movie",5.36930071895077,45,7
"if_don't_like",5.36691758294021,53,11
"wrenching",5.36627856885267,50,9
"love_that",5.36206435483743,74,20
"engaging",5.35723523333392,167,82
"won't_be_disappointed",5.35568260702191,39,4
"richard",5.35378509483332,315,195
"only_complaint",5.34615988410859,34,2
"each_other",5.34590544649532,468,345
"may_seem",5.34315547558601,81,27
"knowing",5.33511275353518,249,142
"pleasure",5.32895026837085,182,102
"worth_seeing",5.31214548281191,168,79
"strength",5.31122444841804,149,68
"some_ways",5.30314525472222,59,14
"loves",5.30113806168235,203,115
"simple_story",5.2986186313212,53,12
"but_still",5.29051758385292,365,264
"disagree",5.2879952289877,116,50
"on_edge_seat",5.28525265926646,47,8
"really_liked",5.28103644398541,101,42
"strongly",5.27224071644435,142,68
"score_by",5.27127703339357,77,22
"great_characters",5.26431124164075,38,4
"films",5.26148164595544,1696,1442
"surprising",5.26049165917479,174,97
"england",5.26010308641795,142,72
"success",5.25958168779845,288,179
"songs",5.25742644517263,290,199
"identify",5.2572132021982,83,31
"lonely",5.24869005934679,108,40
"individual",5.24729939429386,136,62
"meryl_streep",5.24574547346136,40,9
"in_opinion",5.24175162168147,308,196
"more",5.23828753018452,2924,2862
"first_saw_film",5.2377626477292,40,5
"thanks",5.23730908597421,262,164
"quiet",5.22558938214683,138,73
"story_about",5.22541019301241,248,142
"strengths",5.22482349637987,51,11
"find",5.22281466422007,1456,1317
"job_as",5.22210115459685,102,40
"families",5.22166662234063,131,54
"as_ever",5.22083170712412,75,25
"give_9",5.21781708310636,30,1
"right_amount",5.21781708310636,30,1
"in_all_great",5.21781708310636,30,1
"standout",5.2169527185453,52,12
"between_two",5.20799055476558,179,102
"on_edge",5.20661437942902,97,35
"joy_to_watch",5.20264730417674,41,6
"walter_matthau",5.20150916369475,37,5
"environment",5.19417675224759,103,45
"international_film_festival",5.19374143939662,50,10
"anyone_who",5.19185295236445,323,200
"present",5.19110805129679,303,194
"learns",5.18257080586844,141,69
"best_work",5.18083370654245,60,16
"some_great",5.17647928162839,142,75
"recognition",5.17352911987779,77,26
"sympathetic",5.17239416671776,137,67
"ago",5.17219071677516,509,373
"slow_but",5.1715043912046,37,4
"brought",5.17067412311407,384,259
"well_told",5.16835406717751,34,3
"brazil",5.1683406683611,80,31
"barbara",5.16445114846196,114,45
"should_see",5.16275688736736,78,26
"seat",5.15243400835436,142,70
"probably_best",5.13685092348584,91,36
"inspiring",5.13512682367489,77,28
"get_chance",5.13512682367489,77,28
"sister",5.12886862605371,298,178
"situation",5.12832137210705,322,234
"it's_well",5.12753161382734,55,13
"wonderful_job",5.12743999662974,41,6
"how_good",5.12658549712326,88,30
"tender",5.12358905771894,72,25
"master",5.1232479387008,222,125
"academy_award",5.12216188638129,77,27
"also_good",5.11884303719719,61,17
"deeper",5.11144441322852,103,43
"time_favorite",5.11117335796128,51,11
"best_horror",5.10978984524798,37,5
"everyone_should",5.10837216823,45,8
"fun_film",5.09939656589,43,7
"film_great",5.09885766271159,74,24
"life_as",5.09442926110205,98,41
"elegant",5.0921372630717,63,19
"gentle",5.07282026299239,83,30
"always_be",5.07241406645616,70,17
"inspired",5.06956401125381,188,118
"real_life",5.06784551703964,310,186
"psychological",5.06278492365526,135,59
"over_years",5.06190357015017,101,40
"film_still",5.05908492065003,62,18
"in_lives",5.05704117939412,59,17
"twists_turns",5.05320373629221,76,24
"approach",5.05251981947507,186,112
"pleased",5.05205224872355,79,30
"saw",5.0509623818094,1284,1093
"best_actress",5.04926217236591,35,4
"relationship_with",5.0481889639132,140,72
"america",5.04669000925923,279,188
"stay_with",5.04609702484361,64,20
"explores",5.04298273607988,54,13
"style_that",5.04065925478246,51,12
"works_well",5.04065925478246,51,12
"favorite_movie",5.03834906623267,48,11
"by",5.03722524518339,3083,3290
"focuses",5.03705234513047,113,47
"did_great_job",5.03664141989317,57,16
"that_both",5.03438948675621,82,33
"mesmerizing",5.03250931765726,52,12
"rewarding",5.02437032159772,50,11
"all_in_all_great",5.02251985576428,28,1
"affection",5.02109486929091,70,23
"documentary",5.01921477367435,270,158
"well_crafted",5.0189405620771,48,10
"movie_very",5.01511066456303,194,113
"movie_amazing",5.00483091900128,25,0
"rating_8",5.00483091900128,25,0
"silent",4.99812661895789,156,107
"film_shows",4.99327733675091,64,22
"great_story",4.99307976858898,92,31
"builds",4.9895407874296,80,33
"through_life",4.98131423480555,35,4
"louis",4.97883569756291,80,33
"similarities",4.97332344538952,64,23
"widescreen",4.97285340339077,62,17
"powell",4.97130389622372,29,8
"just_as_good",4.95733185167442,37,5
"superb_as",4.95733185167442,37,5
"surreal",4.95585160652908,127,45
"watch_over_over",4.95429435104261,34,4
"reveals",4.94695061509625,104,44
"at_times_but",4.9464785748544,72,24
"should_be_seen",4.94109182892519,39,6
"very_impressed",4.93818507000818,36,5
"delicious",4.93648039641009,49,11
"available_on",4.93582983047617,77,28
"academy",4.93534921761888,138,74
"journey_to",4.9344090526699,53,12
"emotionally",4.93231290987992,126,69
"realism",4.93155290909342,174,80
"mature",4.9310282437549,104,35
"fell_in_love_with",4.92984118630893,47,10
"captivated",4.92840982342343,38,6
"through_eyes",4.9267708673303,37,7
"little_gem",4.92657629747264,43,8
"detract_from",4.92635291416812,45,9
"masterfully",4.92388473540247,40,7
"devotion",4.92388473540247,40,7
"unfold",4.92379736963311,65,20
"enchanting",4.91781096085216,35,3
"loyalty",4.91692658206743,55,14
"does_excellent",4.91653728921657,32,3
"in_mind",4.91652890623001,210,118
"blues",4.91633859345925,51,17
"paris",4.91592803208707,120,75
"8.5",4.91314585606741,29,2
"france",4.91032931695954,107,52
"winner",4.91003531215649,112,49
"tense",4.90906687164211,91,35
"darker",4.90824870971483,74,29
"intimate",4.90161392217352,66,20
"future",4.90120130778151,376,264
"restrained",4.89783267150786,50,13
"cox",4.89567606663234,58,16
"good_job",4.89558902060173,192,102
"animated",4.88768446620161,145,102
"reminiscent",4.88603637065887,105,50
"but_great",4.88346709959668,51,13
"while",4.8808502805279,1684,1567
"black_white",4.8795550488276,202,107
"fall_in_love_with",4.87606989521332,58,17
"also_enjoyed",4.87422616353922,25,1
"streep",4.87252201600462,36,6
"meryl",4.87056856509952,44,12
"to_anyone_who",4.86972561118278,90,36
"cultures",4.86377686726393,48,11
"bond",4.86144918807207,118,62
"highly_recommend_to",4.86100079912728,29,2
"excellent_performances",4.86081240141546,36,5
"enjoyable_movie",4.86081240141546,36,5
"refreshing_to",4.86006153423978,35,2
"detract",4.85804643237478,50,12
"vulnerable",4.85748212093053,69,23
"colorful",4.85747509052884,86,35
"happy_ending",4.85665969330069,81,35
"such_as",4.85642025454197,555,423
"two_men",4.85029609473873,67,23
"all_time_favorite",4.84746644480444,48,11
"relaxed",4.84572398932992,38,6
"absorbing",4.84417502257053,44,7
"corruption",4.84196280438835,58,20
"glorious",4.84016458039467,62,21
"perfect_in",4.83955526852609,46,10
"period",4.83807180537328,357,227
"culture",4.8372851498033,222,128
"with_many",4.83656757057211,103,46
"testament_to",4.83371477840255,42,8
"in_way",4.83249219767118,322,210
"would_love_to_see",4.8310164793003,39,7
"william",4.83048434126234,237,154
"deal_with",4.83023313286135,189,115
"marvellous",4.83021256398289,38,4
"odyssey",4.82650337752153,45,12
"warner",4.8254209320862,62,25
"geraldine",4.82190817495088,32,4
"war_ii",4.81967164038042,70,20
"world_war_ii",4.81967164038042,70,20
"shy",4.81935556777012,79,35
"detail",4.81903758782581,194,118
"film_excellent",4.81640348685597,31,3
"landscape",4.81475543444164,68,27
"brought_to",4.81429835591552,103,45
"relate_to",4.8129130972665,120,59
"not_seen",4.80431530457743,122,55
"all_in",4.80082074177869,478,331
"departure",4.79939307976448,53,14
"released_on_dvd",4.79262431945323,44,11
"images",4.79159949489716,220,126
"vibrant",4.79142332691498,54,16
"deep",4.79022685190462,355,222
"sarandon",4.78806694055394,32,7
"real",4.78598243793383,1523,1408
"finely",4.78451857184879,33,4
"award",4.78275024189013,204,115
"vulnerability",4.78128926265796,30,3
"test_time",4.78128926265796,30,3
"moved",4.78034978756169,191,104
"soon",4.77944977492606,515,380
"spirit",4.7764546038974,227,131
"who_also",4.77175179980713,157,87
"first_time_in",4.77084334878667,55,16
"urban",4.76776268496549,82,45
"influence",4.76627960022907,121,57
"divided",4.7644220036593,43,10
"true_to",4.76332849395842,125,60
"guilt",4.76299307854225,72,28
"amazing_film",4.76265190897665,35,5
"trip",4.76131646811494,209,155
"be_seen",4.75939740645557,218,135
"highlighted",4.75838080213118,28,2
"uplifting",4.75817522910935,57,18
"get_married",4.75483561451616,44,10
"watch_over",4.75483561451616,44,10
"saw_film",4.75211588274806,181,104
"similar",4.75024106696812,419,290
"layers",4.74973383374622,45,6
"lucky_enough",4.74803950303766,45,10
"walter",4.74713411516303,113,47
"contrast_to",4.74706550627071,50,14
"not_only",4.74626823019365,580,447
"in_new",4.74520845003335,197,131
"always_been",4.7451260657154,112,52
"warner_brothers",4.74374329074511,31,5
"little_film",4.74274331533018,73,28
"eastwood",4.74163342036058,35,15
"time_still",4.74146923114409,39,7
"or_dvd",4.74146923114409,39,7
"expertly",4.73865870962183,36,6
"impeccable",4.73864903317968,40,5
"rousing",4.73676888066945,38,7
"most_memorable",4.73493464887012,66,22
"depiction",4.73323352719275,114,50
"older",4.72234227554068,291,194
"back_in",4.72211120462745,300,189
"nomination",4.72200729988019,67,22
"mastery",4.71482258877517,25,1
"absolutely_brilliant",4.71435001853414,30,3
"well_together",4.71435001853414,30,3
"blew_away",4.71435001853414,30,3
"events",4.7133820550142,402,292
"offers",4.70701484670187,204,119
"victor",4.70420801174472,69,25
"difficult",4.70373989995282,343,248
"in_film_as",4.70336489561259,58,19
"liked_movie",4.7028086928565,77,30
"how_well",4.70054564740514,54,15
"conveys",4.69981381092636,44,12
"sharp",4.69768568968472,131,69
"film_also",4.69665303261855,170,98
"thoroughly",4.69351327274807,201,124
"york_city",4.69128594044526,69,29
"new_york_city",4.69128594044526,69,29
"realizes",4.6867871644752,102,48
"as_great_as",4.68343161100542,32,4
"when_first_saw",4.68079650879528,74,25
"own_right",4.67876644748589,60,18
"cleverly",4.67688413255617,57,17
"thumbs_up",4.67441488423101,42,10
"fall_in_love",4.67350708449293,102,39
"portrays",4.67333488694384,129,69
"peter",4.66742252663034,279,200
"home",4.65660119295204,700,580
"nice_to_see",4.65450944798008,86,36
"simple_yet",4.6536399402771,27,2
"great_chemistry",4.6536399402771,27,2
"holds_up",4.65271617472174,41,9
"without_being",4.65149177555422,80,34
"ensemble_cast",4.65026734942037,36,6
"anyone_interested",4.650199619778,38,8
"most_underrated",4.64991712562688,24,1
"thrillers",4.64675942921869,74,35
"presents",4.64493219309671,100,56
"highly_entertaining",4.64440146064794,30,4
"benefits",4.64434583154391,38,7
"excellent_acting",4.64434583154391,38,7
"perhaps_best",4.64434583154391,38,7
"today_as",4.64379699980837,40,8
"work_art",4.64169100413297,50,14
"sorrow",4.64149824253699,27,3
"bittersweet",4.64108504071003,37,7
"prince",4.64060582308174,73,43
"episode",4.63298899171124,301,331
"genuine",4.63143929890111,151,86
"it's_best",4.62654374119577,73,29
"english",4.62630083810164,378,295
"determination",4.62133836725667,48,13
"but_very",4.62078457645179,129,68
"years_ago",4.62032024730763,330,225
"all_time",4.61924904261428,452,337
"what_to_expect",4.61772574526408,71,24
"life_with",4.61646027086669,82,36
"deserved",4.61155583573986,164,96
"day",4.61143650225834,959,862
"terrifying",4.61088807192791,72,34
"little_slow",4.61026761405481,29,3
"breath_fresh",4.61026761405481,29,3
"must_see_film",4.60781763898679,24,1
"seamlessly",4.60781763898679,24,1
"but_works",4.60781763898679,24,1
"tenderness",4.60679126996285,26,2
"fell_in_love",4.60068412687735,53,16
"heartwarming",4.59857429761609,50,15
"job_in",4.59544758027631,101,47
"drawn_into",4.58799265515265,47,12
"richardson",4.58686395280136,40,13
"1936",4.58652078207497,43,9
"technicolor",4.58464052474104,42,11
"variety",4.58395789360854,126,70
"century",4.5821911256185,253,159
"fresh_air",4.58042440951508,31,4
"ideal",4.57805127922494,74,32
"also_love",4.57715167402676,28,3
"very_believable",4.5744133182057,48,14
"experiences",4.57242188428685,113,61
"might_not_be",4.57227073776256,45,13
"layered",4.56996379687211,41,7
"golden",4.56791022526619,124,76
"precise",4.56594766537526,36,8
"absolutely_loved",4.56108064988618,33,5
"taut",4.55859719111631,40,9
"like_no_other",4.5579791282166,30,4
"living",4.55593870284059,483,363
"lemmon",4.55383201691469,27,10
"great_cast",4.55303905200449,76,25
"brutal",4.55291215395791,165,98
"simple_but",4.55204517553771,41,9
"all_cast",4.55204517553771,41,9
"fears",4.54964628842524,74,32
"obstacles",4.5494235222053,38,8
"bit_too",4.54942136148033,83,34
"in_wonderful",4.54664527640982,26,2
"just_perfect",4.54664527640982,26,2
"wonderful_to",4.54664527640982,26,2
"heart_wrenching",4.54664527640982,26,2
"brilliant_in",4.54662316919244,39,8
"perfect_but",4.54562845121254,37,7
"with_wonderful",4.54390430760712,36,7
"simply_amazing",4.54288092003658,23,1
"amazing_job",4.54288092003658,23,1
"enjoyed_film",4.53700136697039,67,25
"moves",4.53599495762885,275,187
"weaknesses",4.53535225035596,45,14
"love_in",4.5349741795702,66,24
"lovers",4.53193693037574,146,71
"to_deal",4.53080696688282,107,52
"deal",4.5301716135622,384,282
"it's_also",4.52947378709352,134,72
"despair",4.52543495117607,49,18
"awe",4.5241809826331,67,26
"felix",4.52016057599725,32,6
"whole_family",4.51207523987128,49,15
"by_great",4.51162156828713,45,12
"cheung",4.5091778776607,25,3
"helps_to",4.50581886697912,43,12
"bit_slow",4.50403666706488,28,3
"breath_fresh_air",4.50403666706488,28,3
"top",4.49909895696318,844,686
"stories",4.49798644251429,440,301
"characters_well",4.49558993852608,46,12
"on_journey",4.49470896394657,45,9
"does_well",4.49320059818849,43,11
"jr",4.49262242903685,139,82
"harrowing",4.49233188863513,42,8
"dated",4.49182779681466,144,81
"above_average",4.48825051488928,62,24
"phenomenal",4.48785677446093,49,12
"grew_up",4.48728605016149,96,48
"western",4.48616610855,176,155
"to_live",4.48291661462497,215,135
"shows_that",4.48158479493443,120,57
"stellar",4.48135329569958,68,27
"focuses_on",4.4813285383474,82,35
"packed",4.47919664065569,107,51
"accessible",4.47689413708729,41,10
"film_that",4.47672402451156,690,569
"will_not_be_disappointed",4.47539086112819,30,4
"great_deal",4.47535392043303,96,47
"wider",4.47444865682054,38,9
"gradually",4.47048135138358,77,29
"played_by",4.46945283155668,441,349
"international",4.46773303497965,154,82
"conventional",4.46383948285499,62,28
"dismiss",4.46310263812178,39,9
"holly",4.45906499916916,31,9
"twists",4.45811980397399,243,152
"adorable",4.45769658630417,66,25
"miss",4.4575496466533,388,290
"interested_in",4.4546328733043,240,180
"evolves",4.45437106727543,29,4
"played_to",4.45437106727543,29,4
"performance_from",4.45435140533123,53,17
"susan_sarandon",4.45310114569988,27,5
"jimmy",4.45162467097437,89,41
"paranoia",4.44919004186391,45,13
"be_greatest",4.44801263895038,34,6
"film_works",4.44788773160607,38,8
"maintains",4.44504446922096,31,5
"recommend_movie",4.44447682280215,150,86
"anyone_interested_in",4.44245347253684,32,6
"very_special",4.44240541673847,33,6
"comfortable",4.44113586757195,81,37
"into_world",4.44028598258914,64,23
"blake",4.43940296181625,55,19
"great_supporting",4.43724982176636,25,2
"to_world",4.43066878741388,68,27
"thoughtful",4.42944482667674,63,26
"look_forward",4.42712647608143,56,19
"touch",4.42645582691404,247,147
"ingenious",4.4262324920899,55,16
"pierre",4.42592263991686,29,11
"warmth",4.42547042897734,67,25
"strongly_recommend",4.42459146697815,48,15
"follows",4.42268323125545,291,201
"watch_again",4.42230689436377,119,62
"all_in_all",4.41885732861385,330,220
"by_accident",4.41718746439273,41,11
"in_great",4.41700734384638,88,41
"along",4.41489885137172,792,695
"triumph",4.41284063174958,68,21
"about_love",4.40491411186626,54,19
"to_deal_with",4.4005474885464,101,48
"great_time",4.39715711210418,39,10
"as_much_as_did",4.39552585398007,27,3
"memorable_scenes",4.39552585398007,27,3
"most_amazing",4.39552585398007,27,3
"once_again",4.39389301982506,197,136
"very_best",4.39346187009729,43,12
"stays_with",4.3919871048738,24,2
"british",4.39077334392683,293,207
"glad_that",4.38964514229889,62,23
"born",4.38847633413296,203,121
"troubled",4.38799020046298,78,34
"but_always",4.38690191911738,58,19
"available_on_dvd",4.38408722280759,43,11
"great_music",4.38162530107678,40,10
"experiencing",4.38162530107678,40,10
"art",4.37808769526168,454,330
"engaged",4.37661020039398,83,39
"true_story",4.37634303368807,132,66
"little_movie",4.37405171759172,47,14
"able",4.37109001122992,584,476
"lucky_enough_to",4.36871975168965,41,10
"can't_wait_to",4.36871975168965,41,10
"brilliant_film",4.36821522759824,29,4
"fall_in",4.36761094173245,113,51
"best_role",4.36489620513202,26,3
"very_happy",4.36489620513202,26,3
"you'll_love",4.36311454178065,49,15
"most_impressive",4.36160126098179,23,2
"pioneers",4.36160126098179,23,2
"vivid",4.3567439936349,65,28
"fine_film",4.35632202558372,39,9
"give_10",4.35632202558372,39,9
"beautiful_as",4.3518955991917,31,5
"palpable",4.3518955991917,31,5
"enthralling",4.3518955991917,31,5
"most_original",4.3518955991917,31,5
"among_best",4.34847638548346,30,6
"bravo",4.34603030752376,52,7
"kurt_russell",4.34508342230988,26,2
"passion",4.34495917942795,150,96
"everyday_life",4.34412510413544,33,6
"best_most",4.34412510413544,33,6
"performances_as",4.34311417897859,35,7
"if_get",4.34252458024514,63,24
"very_powerful",4.3402659698537,32,6
"greater",4.33999671969978,107,53
"though_not",4.3389049222271,84,39
"social",4.33629257016328,239,150
"key",4.33538179631296,212,121
"see_film",4.33051565722741,208,134
"times_but",4.3280850515447,111,56
"very_effective",4.32614561124097,43,12
"life_that",4.32542401084897,78,34
"great_entertainment",4.32529041442424,24,2
"as_best",4.32507277028261,78,34
"what_great",4.32398751165903,61,22
"to_date",4.32286668756689,84,39
"love_film",4.32027627245662,56,15
"achieves",4.31924814396467,37,9
"complicated",4.31299605619059,103,61
"with_father",4.31210361347601,51,16
"deserves",4.31131928397455,308,216
"more_about",4.30929910467662,129,72
"in_all",4.30747264291102,572,439
"alfred",4.30610882662448,59,29
"brilliance",4.30492504687585,81,36
"finds_herself",4.30367472892518,40,8
"very_good_as",4.30217965316919,38,10
"if_not",4.30193799506704,293,203
"techniques",4.30187626482677,81,36
"familiar",4.29671280964412,301,198
"fun_movie",4.29604360657032,63,22
"john_ford",4.29565689454423,37,5
"rupert",4.29490509390691,35,14
"cynical",4.29166466834887,94,42
"eccentric",4.29042388326,75,32
"role_that",4.29005915969406,67,27
"put_off",4.28960999450195,58,18
"cast_great",4.28742558221376,42,11
"dazzling",4.28496185105631,39,10
"shines_as",4.28459051182166,26,3
"superb_acting",4.28459051182166,26,3
"top_form",4.28459051182166,26,3
"each_character",4.28396671560591,57,21
"will_always_be",4.28302726252571,47,9
"film_best",4.28261900985185,46,14
"more_movies",4.28117797853662,54,18
"struggles",4.27621243504245,90,44
"yet",4.27562793701661,1014,910
"at_heart",4.27332921586487,61,20
"funny_film",4.27030998477419,40,10
"true_to_life",4.27030998477419,40,10
"drama_that",4.27030998477419,40,10
"course",4.26743723675368,1005,853
